uuid,shard_id,flat_cluster_imagetext_avg_nonnull_species_embed_cosine
aa563519-6d97-47c3-bcda-c72cdf19a1bf,000000,191211
e3253a67-7114-41d5-ac55-1696d6c7f6f3,000000,123445
8b103e7d-b5c0-4c84-b3dd-c5bb5b4b4769,000000,266755
fbf5757d-db7d-42da-9b62-07074dd27d96,000000,290294
84993dec-1c54-421c-8c94-2288fc8d3ba1,000000,293272
df4a72dc-42fb-4fdc-ae44-2c8c5ef0a1d3,000000,411394
c3cacda3-051f-454e-965b-c3218e6b3ac9,000000,412378
274910de-0607-4803-8adc-0afd380c37bf,000000,374635
74808f18-0abc-43a3-9529-a4ec01d660f2,000000,223810
